Rank,Country,Points,Confederation
1,Argentina,1877.27,CONMEBOL
2,Spain,1874.71,UEFA
3,France,1870.7,UEFA
4,England,1828.02,UEFA
5,Portugal,1767.85,UEFA
6,Brazil,1765.86,CONMEBOL
7,Morocco,1755.1,CAF
8,Netherlands,1753.57,UEFA
9,Belgium,1742.24,UEFA
10,Germany,1735.77,UEFA
11,Croatia,1714.87,UEFA
12,Italy,1704.73,UEFA
13,Colombia,1698.35,CONMEBOL
14,Mexico,1687.48,CONCACAF
15,Senegal,1684.07,CAF
16,Uruguay,1673.07,CONMEBOL
17,USA,1671.23,CONCACAF
18,Japan,1661.58,AFC
19,Switzerland,1650.06,UEFA
20,IR Iran,1619.58,AFC
21,Denmark,1619.47,UEFA
22,Türkiye,1605.73,
23,Ecuador,1598.52,CONMEBOL
24,Austria,1597.4,UEFA
25,Korea Republic,1591.63,AFC
26,Nigeria,1585.02,CAF
27,Australia,1579.34,AFC
28,Algeria,1571.03,CAF
29,Egypt,1562.37,CAF
30,Canada,1559.48,CONCACAF
31,Norway,1557.44,UEFA
32,Ukraine,1549.29,UEFA
33,Côte d'Ivoire,1540.87,CAF
34,Panama,1539.16,CONCACAF
35,Russia,1529.6,UEFA
36,Poland,1526.18,UEFA
37,Wales,1516.95,UEFA
38,Sweden,1509.79,UEFA
39,Hungary,1506.39,UEFA
40,Czechia,1505.74,UEFA
41,Paraguay,1505.35,CONMEBOL
42,Scotland,1503.34,UEFA
43,Serbia,1502.13,UEFA
44,Cameroon,1481.24,CAF
45,Tunisia,1476.41,CAF
46,Congo DR,1474.43,CAF
47,Slovakia,1473.66,UEFA
48,Greece,1473.19,UEFA
49,Venezuela,1469.18,CONMEBOL
50,Uzbekistan,1458.73,AFC
51,Chile,1458.2,CONMEBOL
52,Peru,1457.69,CONMEBOL
53,Costa Rica,1456.03,CONCACAF
54,Romania,1455.89,UEFA
55,Mali,1455.59,CAF
56,Qatar,1450.31,AFC
57,Iraq,1446.28,AFC
58,Republic of Ireland,1441.1,UEFA
59,Slovenia,1441.09,UEFA
60,South Africa,1428.38,CAF
61,Saudi Arabia,1423.88,AFC
62,Burkina Faso,1406.99,CAF
63,Jordan,1387.74,AFC
64,Bosnia and Herzegovina,1387.22,UEFA
65,Honduras,1378.97,CONCACAF
66,Albania,1376.03,UEFA
67,Cabo Verde,1371.11,CAF
68,United Arab Emirates,1370.47,AFC
69,North Macedonia,1369.16,UEFA
70,Northern Ireland,1365.3,UEFA
71,Jamaica,1357.84,CONCACAF
72,Georgia,1355.26,UEFA
73,Ghana,1346.88,CAF
74,Iceland,1342.77,UEFA
75,Finland,1341.92,UEFA
76,Israel,1333.9,UEFA
77,Bolivia,1326,CONMEBOL
78,Kosovo,1319.12,UEFA
79,Oman,1306.9,AFC
80,Montenegro,1301.98,UEFA
81,Guinea,1295.6,CAF
82,Curaçao,1294.77,CONCACAF
83,Haiti,1293.1,CONCACAF
84,Syria,1283.05,AFC
85,New Zealand,1275.58,OFC
86,Gabon,1272.51,CAF
87,Bulgaria,1271.68,UEFA
88,Angola,1265.58,CAF
89,Uganda,1264.09,CAF
90,Zambia,1255.82,CAF
91,China PR,1254.81,AFC
92,Bahrain,1254.41,AFC
93,Benin,1252.17,CAF
94,Thailand,1250.8,AFC
95,Palestine,1243.71,AFC
96,Belarus,1242.88,UEFA
97,Guatemala,1238.74,CONCACAF
98,Luxembourg,1232.82,UEFA
99,Vietnam,1225.68,AFC
100,El Salvador,1225.34,CONCACAF
101,Tajikistan,1224.19,AFC
102,Trinidad and Tobago,1219.59,CONCACAF
103,Mozambique,1218.62,CAF
104,Madagascar,1202.69,CAF
105,Equatorial Guinea,1195.2,CAF
106,Kyrgyz Republic,1192.16,AFC
107,Armenia,1189.63,UEFA
108,Comoros,1187.91,CAF
109,Kenya,1185.08,CAF
110,Libya,1182.08,CAF
111,Kazakhstan,1180.78,UEFA
112,Tanzania,1180.27,CAF
113,Mauritania,1176.68,CAF
114,Niger,1175.33,CAF
115,Lebanon,1172.22,AFC
116,The Gambia,1159.64,CAF
117,Sudan,1157.22,CAF
118,Indonesia,1157.14,AFC
119,Togo,1152.76,CAF
120,Korea DPR,1151.05,AFC
121,Namibia,1148.84,CAF
122,Sierra Leone,1147.56,CAF
123,Faroe Islands,1136.59,UEFA
124,Cyprus,1133.25,UEFA
125,Suriname,1132.43,CONCACAF
126,Azerbaijan,1132,UEFA
127,Estonia,1130.64,UEFA
128,Rwanda,1126.62,CAF
129,Malawi,1122.05,CAF
130,Zimbabwe,1119.78,CAF
131,Nicaragua,1114.63,CONCACAF
132,Guinea-Bissau,1108.38,CAF
133,Kuwait,1106.47,AFC
134,Congo,1105.96,CAF
135,Philippines,1100.95,AFC
136,Malaysia,1086.22,AFC
137,Latvia,1085.66,UEFA
138,India,1084.93,AFC
139,Central African Republic,1080.82,CAF
140,Liberia,1080.44,CAF
141,Turkmenistan,1078.65,AFC
142,Burundi,1078.01,CAF
143,Ethiopia,1077.52,CAF
144,Dominican Republic,1076.5,CONCACAF
145,Yemen,1065.24,AFC
146,Lesotho,1064.29,CAF
147,Botswana,1063.63,CAF
148,Singapore,1057.95,AFC
149,Lithuania,1056.85,UEFA
150,Guyana,1049.32,CONCACAF
151,New Caledonia,1036.95,OFC
152,St Kitts and Nevis,1036.33,CONCACAF
153,Solomon Islands,1031.89,OFC
154,Puerto Rico,1024.3,CONCACAF
155,Fiji,1024.17,OFC
156,Hong Kong China,1024.16,AFC
157,Tahiti,1019.04,OFC
158,Myanmar,1010.91,AFC
159,Moldova,1008.24,UEFA
160,Vanuatu,1002.53,OFC
161,Malta,992.79,UEFA
162,Antigua and Barbuda,986.58,CONCACAF
163,Grenada,981.82,CONCACAF
164,Cuba,981.42,CONCACAF
165,Eswatini,979.01,CAF
166,St Lucia,976.71,CONCACAF
167,Bermuda,975.05,CONCACAF
168,Papua New Guinea,974.9,OFC
169,South Sudan,970.94,CAF
170,St Vincent and the Grenadines,968.27,CONCACAF
171,Afghanistan,968.07,AFC
172,Andorra,946.43,UEFA
173,Maldives,943.92,AFC
174,Chinese Taipei,923.78,AFC
175,Cambodia,922.32,AFC
176,Montserrat,916.75,CONCACAF
177,Nepal,914.54,AFC
178,Mauritius,911.49,CAF
179,Barbados,909.89,CONCACAF
180,Belize,907,CONCACAF
181,Bangladesh,902.93,AFC
182,Dominica,897.69,CONCACAF
183,Chad,896.85,CAF
184,Eritrea,887.06,
185,Laos,885.03,AFC
186,Cook Islands,877.53,OFC
187,Sri Lanka,876.86,AFC
188,Samoa,876.41,OFC
189,Aruba,875.61,CONCACAF
190,Mongolia,874.47,AFC
191,American Samoa,871.61,OFC
192,Bhutan,870.81,AFC
193,Macau,858.03,AFC
194,Brunei Darussalam,857.73,AFC
195,São Tomé and Príncipe,855.44,CAF
196,Djibouti,853.58,CAF
197,Cayman Islands,850.06,CONCACAF
198,Pakistan,840.28,AFC
199,Somalia,839.17,CAF
200,Tonga,835.64,OFC
201,Timor-Leste,831,AFC
202,Gibraltar,820.26,UEFA
203,Guam,819.54,AFC
204,Seychelles,804.16,CAF
205,Turks and Caicos Islands,803.98,CONCACAF
206,Liechtenstein,797.7,UEFA
207,Bahamas,786.82,CONCACAF
208,US Virgin Islands,779.76,CONCACAF
209,British Virgin Islands,777.41,CONCACAF
210,Anguilla,760.25,CONCACAF
211,San Marino,721.2,UEFA
